{
  "extractedFrom": "References/COST CALCULATOR.xlsx",
  "extractionNotes": {
    "eu261DistanceColumnFound": false,
    "eu261BandFromExcelAvailable": false,
    "sheet2PotentialEu261Value": 393254.4
  },
  "aircraftTypes": [
    "A339",
    "A321",
    "A321N",
    "SUB_NARROWBODY"
  ],
  "eu261Defaults": {
    "impactedPaxRatio": 0.35,
    "standardBandsEur": [
      250,
      400,
      600
    ]
  },
  "aircraftComponentDefaults": {
    "A339": {
      "avgBlh": 5.758986928104578,
      "avgDoc": 406842.5372251462,
      "componentAvg": {
        "fuel": 119022.58723982994,
        "uptake": 23602.212767105088,
        "saf": 5155.714196891193,
        "ets": 64368.696549488515,
        "cycle": 11208.78,
        "fh": 55118.83126108881,
        "enroute": 55109.61248,
        "turnaroundPax": 18898.13147453083,
        "turnaroundAircraft": 26972.172,
        "ghIn": 9128.599752070604,
        "ghOut": 9128.599752070604,
        "handling": 9128.599752070604
      },
      "componentPerBlh": {
        "fuel": 20667.278590091042,
        "uptake": 4098.327199168196,
        "saf": 895.2467267690192,
        "ets": 11177.086760756689,
        "cycle": 1946.3110682366284,
        "fh": 9570.924877794392,
        "enroute": 9569.324113423176,
        "turnaroundPax": 3281.502755685306,
        "turnaroundAircraft": 4683.492485175199,
        "ghIn": 1585.1051349885677,
        "ghOut": 1585.1051349885677,
        "handling": 1585.1051349885677
      }
    },
    "A321": {
      "avgBlh": 5.833333333333333,
      "avgDoc": 232372.44862936664,
      "componentAvg": {
        "fuel": 75014.34646153846,
        "uptake": 14875.366153846153,
        "saf": 3280.476923076923,
        "ets": 40568.56615384616,
        "cycle": 4201.72,
        "fh": 14468.258,
        "enroute": 33459.37088,
        "turnaroundPax": 18309.07324528302,
        "turnaroundAircraft": 11568.264000000001,
        "ghIn": 5542.335603925321,
        "ghOut": 5542.335603925321,
        "handling": 5542.335603925321
      },
      "componentPerBlh": {
        "fuel": 12859.602250549451,
        "uptake": 2550.0627692307694,
        "saf": 562.3674725274725,
        "ets": 6954.611340659341,
        "cycle": 720.2948571428573,
        "fh": 2480.2728,
        "enroute": 5735.892150857144,
        "turnaroundPax": 3138.6982706199465,
        "turnaroundAircraft": 1983.1309714285717,
        "ghIn": 950.1146749586266,
        "ghOut": 950.1146749586266,
        "handling": 950.1146749586266
      }
    },
    "A321N": {
      "avgBlh": 5.915540540540542,
      "avgDoc": 221848.01666920717,
      "componentAvg": {
        "fuel": 67832.3035,
        "uptake": 13451.165,
        "saf": 2670.1050000000005,
        "ets": 36684.44,
        "cycle": 5447.14,
        "fh": 15988.336800000005,
        "enroute": 33450.00464000001,
        "turnaroundPax": 18309.104917431192,
        "turnaroundAircraft": 11388.41,
        "ghIn": 5542.335603925321,
        "ghOut": 5542.335603925321,
        "handling": 5542.335603925321
      },
      "componentPerBlh": {
        "fuel": 11466.79716504854,
        "uptake": 2273.8691262135917,
        "saf": 451.3712621359223,
        "ets": 6201.367355796687,
        "cycle": 920.8186407766989,
        "fh": 2702.76852815534,
        "enroute": 5654.598157304397,
        "turnaroundPax": 3095.085697064324,
        "turnaroundAircraft": 1925.168109651627,
        "ghIn": 936.911101520214,
        "ghOut": 936.911101520214,
        "handling": 936.911101520214
      }
    },
    "SUB_NARROWBODY": {
      "avgBlh": 5.833333333333333,
      "avgDoc": 232372.44862936664,
      "componentAvg": {
        "fuel": 75014.34646153846,
        "uptake": 14875.366153846153,
        "saf": 3280.476923076923,
        "ets": 40568.56615384616,
        "cycle": 4201.72,
        "fh": 14468.258,
        "enroute": 33459.37088,
        "turnaroundPax": 18309.07324528302,
        "turnaroundAircraft": 11568.264000000001,
        "ghIn": 5542.335603925321,
        "ghOut": 5542.335603925321,
        "handling": 5542.335603925321
      },
      "componentPerBlh": {
        "fuel": 12859.602250549451,
        "uptake": 2550.0627692307694,
        "saf": 562.3674725274725,
        "ets": 6954.611340659341,
        "cycle": 720.2948571428573,
        "fh": 2480.2728,
        "enroute": 5735.892150857144,
        "turnaroundPax": 3138.6982706199465,
        "turnaroundAircraft": 1983.1309714285717,
        "ghIn": 950.1146749586266,
        "ghOut": 950.1146749586266,
        "handling": 950.1146749586266
      }
    }
  },
  "routes": {
    "ARN-LPA": {
      "origin": "ARN",
      "destination": "LPA",
      "byAircraft": {
        "A339": {
          "month": "APRIL",
          "seats": 373,
          "blh": 5.851307189542486,
          "pax": 180,
          "doc": 439393.0009017739,
          "docComponents": {
            "fuel": 121331.14076683937,
            "uptake": 24059.999585492227,
            "saf": 10311.428393782386,
            "ets": 65617.18715025908,
            "cycle": 11208.78,
            "fh": 56002.42154800937,
            "enroute": 55109.61248,
            "turnaroundPax": 18937.447721179626,
            "turnaroundAircraft": 49429.183999999994,
            "ghIn": 7163.266704141208,
            "ghOut": 11093.9328,
            "handling": 9128.599752070604
          },
          "acmiExcludedForMinimumPrice": 198826.37224008958,
          "acmiEligibleDoc": 240566.62866168434
        },
        "A321": {
          "month": "APRIL",
          "seats": 212,
          "blh": 5.916666666666666,
          "pax": 180,
          "doc": 248674.50696695736,
          "docComponents": {
            "fuel": 77200.55692307692,
            "uptake": 15308.892307692306,
            "saf": 6560.953846153846,
            "ets": 41750.89230769231,
            "cycle": 4201.72,
            "fh": 14674.9474,
            "enroute": 33459.37088,
            "turnaroundPax": 18347.138490566034,
            "turnaroundAircraft": 20543.028000000002,
            "ghIn": 4911.434407850643,
            "ghOut": 6173.236800000001,
            "handling": 5542.335603925321
          },
          "acmiExcludedForMinimumPrice": 121633.05901756829,
          "acmiEligibleDoc": 127041.44794938907
        },
        "A321N": {
          "month": "APRIL",
          "seats": 218,
          "blh": 6.081081081081083,
          "pax": 180,
          "doc": 227625.64304663838,
          "docComponents": {
            "fuel": 62836.471,
            "uptake": 12460.49,
            "saf": 5340.210000000001,
            "ets": 33982.64000000001,
            "cycle": 6692.56,
            "fh": 17715.105000000007,
            "enroute": 33440.63840000001,
            "turnaroundPax": 18347.201834862386,
            "turnaroundAircraft": 20183.32,
            "ghIn": 4911.434407850643,
            "ghOut": 6173.236800000001,
            "handling": 5542.335603925321
          },
          "acmiExcludedForMinimumPrice": 106909.32843878769,
          "acmiEligibleDoc": 120716.31460785068
        },
        "SUB_NARROWBODY": {
          "month": "APRIL",
          "seats": 212,
          "blh": 5.916666666666666,
          "pax": 180,
          "doc": 248674.50696695736,
          "docComponents": {
            "fuel": 77200.55692307692,
            "uptake": 15308.892307692306,
            "saf": 6560.953846153846,
            "ets": 41750.89230769231,
            "cycle": 4201.72,
            "fh": 14674.9474,
            "enroute": 33459.37088,
            "turnaroundPax": 18347.138490566034,
            "turnaroundAircraft": 20543.028000000002,
            "ghIn": 4911.434407850643,
            "ghOut": 6173.236800000001,
            "handling": 5542.335603925321
          },
          "acmiExcludedForMinimumPrice": 121633.05901756829,
          "acmiEligibleDoc": 127041.44794938907
        }
      },
      "eu261": {
        "distanceKm": null,
        "bandEur": null,